Sat Feb 01 01:30:03 +0000 2025,Ep. 425 - TARIFF Turmoil — How I'm Going to PROFIT From It.. TODAY'S HOT #STOCKS — $CVX $PLTR $ABBV $TCTM $HIMS $OXY $XOM $ASTS $ELF $RGTI $BHAT $NVDA $VRTX $BEN $CYCN $SOPA $JNJ $VIAV $MTSR $REBN $ABAT $FCUV $AAPL $NVDA $TSLA $SMR $BABA $SOFI $CYN,TSLA,Tesla
Sat Feb 01 18:12:17 +0000 2025,"Based on rumors from China weeks before the earnings call, Elon isn't exaggerating when he says they're aiming for 10,000 robots in 2025 and 100,000 in 2026 Tesla actually set up its supply chain for the 10,000 Humanoid Robots per month More details below $TSLA",TSLA,Tesla
Sat Feb 01 23:34:43 +0000 2025,"$TSLA the most impactful stock for this decade for us out of 12 plans for options we have had 10 wins 1 loss and one breakeven this was a small win but a great way to end the month really keeping our great gains from the start of dec to the end of jan, but this wining plan was",TSLA,Tesla
Sat Feb 01 08:22:29 +0000 2025,$TSLA was looking good Friday then gave most up. Holding the 50 day under the ⚓️VWAP from previous pivot.,TSLA,Tesla
Sat Feb 01 02:45:49 +0000 2025,Thank you to subscribers from 41 US states and 55 countries to encourage me keep writing. Thank you @SubstackInc $SPY $QQQ ES_F NQ_F $VIX $AAPL $TSLA $COIN $BTCUSD $RGTI,TSLA,Tesla
Sat Feb 01 02:38:35 +0000 2025,Here are all the PTs from this week $TSLA,TSLA,Tesla
Sat Feb 01 05:37:31 +0000 2025,$TSLA NEWS: Tesla Cuts Lease Start Price For Cybertruck From $899 To $749!,TSLA,Tesla
Sat Feb 01 17:10:00 +0000 2025,"Options account increased by $60,553 in JANUARY Realized income from Premiums from CLOSED trades: $25,191 Total realized income (including Capital Gains) $13,905 $TSLA $NVDA $AMZN $AMD $GOOGL $ZS $MDB $GTLB $MU $META $COIN $MSTR $AVGO $CMG $MSTX $AAPL $PLTR",TSLA,Tesla
Sat Feb 01 01:21:13 +0000 2025,The unique rear light from Tesla is insane!!! No need for logos!! $tsla,TSLA,Tesla
Sat Feb 01 10:49:56 +0000 2025,"I am more focused on buying alts here than #Bitcoin, most alts will pull minimum x20 from here and $INX #INX is one of those alts, other #RWAs on @INX_Group are $FURA $TSLA $GME $NVDA $GOOGL $NOTE #HAG #TRUCPAL",TSLA,Tesla
Sat Feb 01 01:43:25 +0000 2025,$TSLA looking like it may be turning the old all time high into support,TSLA,Tesla
Sat Feb 01 13:02:01 +0000 2025,Why did Musk purposefully fabricate this claim??? The pattern of deceit should scare the pants off of shareholders and regulators alike (why he pushes for less) $TSLA in BIG trouble. He needs to resign from everything $QQQ $NVDA $NITE $UPS $VIAV $ASTS $TEAM $SPX $RUT,TSLA,Tesla
Sat Feb 01 09:55:54 +0000 2025,New Tesla Model Y. I like it more and more every day. Did you like it from the beginning? $TSLA,TSLA,Tesla
Sat Feb 01 14:10:25 +0000 2025,$TSLA in Europe from Giga Berlin there is no Tesla stamp on the front,TSLA,Tesla
Sat Feb 01 18:15:20 +0000 2025,Cybertruck Just Got More Affordable! Lease from just $749/month FREE wrap with Foundation Series purchase Drive the future in style! ⚡ $TSLA,TSLA,Tesla
Sat Feb 01 17:27:06 +0000 2025,$TSLA The test drive of the new model Y in China is expected from the end of February.,TSLA,Tesla
Sat Feb 01 23:11:19 +0000 2025,Trading stats from today's session: $AMZN $AAPL $BA $BABA $FB $TSLA $MSFT $ROKU,TSLA,Tesla
Sat Feb 01 00:19:01 +0000 2025,"New accounting rules have allowed Tesla to report a $600M gain from Bitcoin, while MicroStrategy faces a potential multi-billion dollar tax hit. The impact of these changes on crypto holdings is significant for publicly-traded companies. $TSLA $MSTR",TSLA,Tesla
Sat Feb 01 16:08:34 +0000 2025,"January Trade Recap: Volatility made trading tough, and the market setup took a hit from Deepseek &amp; tariff news. Historically, Feb &amp; Sept are tricky, but let’s stay focused and nail the best setups! #Trading #DeepSeek $spy $qqq $iwm $nvda $pltr $amd $tsla $deck $nflx",TSLA,Tesla
Sat Feb 01 17:00:00 +0000 2025,"When you lose, figure out why, and learn from it! #stockmarket #daytrading #livetrading #tradingstrategy $SPY $TSLA $AAPL $NVDA $AMZN",TSLA,Tesla
Sat Feb 01 16:30:27 +0000 2025,BREAKING: ARGUS RAISES $TSLA PRICE TARGET TO $488 (FROM $286) Huge upgrade !,TSLA,Tesla
Sat Feb 01 16:36:51 +0000 2025,BREAKING: CANTOR FITZGERALD RAISES $TSLA PRICE TARGET TO $425 (FROM $365) They are bullish on autonomy !,TSLA,Tesla
Sat Feb 01 16:38:29 +0000 2025,"BREAKING: LONG TIME BEAR, CRAIG IRWIN, RAISES $TSLA PRICE TARGET TO $450 (FROM $380) He’s now extremely bullish on autonomy !",TSLA,Tesla
Sat Feb 01 09:13:05 +0000 2025,how can i send my USDT From Okx wallet to binance exchange? $pegy $AAPL #USDT $COIN $AMZN $MDWD $PLTR $MSFT $UP $KOSS $ANVS $META $DXYZ $ZONE $TSLA $NVDA $GME $DJT $MULN $QQQ $SPY $DIA $QQQ $IWM $AMZN $SOFI $MSFT $AAPL $TSLA $SPCE $UTHR $IN #Bitcoin #Crypto,TSLA,Tesla
Sat Feb 01 12:14:15 +0000 2025,The Cybercab charging stations will not look like consumer supercharger stations. It will be inside of a building to protect the niche cleaning robots from the elements. Maybe at scale it makes sense to have these cleaning robots. $TSLA,TSLA,Tesla
Sat Feb 01 22:25:13 +0000 2025,Trading stats from today's session: $AMZN $AAPL $BA $BABA $FB $TSLA $MSFT $ROKU,TSLA,Tesla
Sat Feb 01 21:06:47 +0000 2025,"$TSLA is setting up for a potential breakout from its descending channel on the daily chart, and if it happens, we could see a strong trend-based move. The volume in the last 2 sessions is telling us something.",TSLA,Tesla
Sat Feb 01 15:04:13 +0000 2025,"$TSLA s EU sales are collapsing this Qtr. If the EU and UK were smart, they would take this opportunity to impose massive tariffs on all $TSLA vehicles and products imported from China and the US. Canada, Australia and Mexico need to do the same. @UKParliament",TSLA,Tesla
Sat Feb 01 03:31:55 +0000 2025,"No setups on my WL other than $TSLA IF we see a gap up in the wick and daily up from there. However the odds of that is low seeing how the indices close, looks like a gap down possible on the indices. As usual, have to plan for all scenarios and act upon them if materializes.",TSLA,Tesla
Sat Feb 01 09:10:09 +0000 2025,It is very unlikely that if the autonomous Tesla robotaxis are rolled-out as planned in Austin from June and then gradually in the entire USA that the Tesla share will not reach at least 500 dollars in 2025. $tsla,TSLA,Tesla
Sun Feb 02 15:55:53 +0000 2025,"$TSLA a great way to win to end things off grinding with skill with the feb 07 420 calls. from the start of dec to then end of Jan this win ended the month strong for us keeping are great gains without a loss ,this Video explains the importance of grinding with skill to always",TSLA,Tesla
Sun Feb 02 01:47:15 +0000 2025,"The Tesla cybertruck is a rust bucket not fit for Canadian roads in the winter. Ban these unsafe $TSLA vehicles from Canada now! If they're not rusting in the rain, snow, or even the car wash, they're catching fire charging in your garage and burning your house down",TSLA,Tesla
Sun Feb 02 11:13:23 +0000 2025,"OK, the flu got me down, but I finally managed to put together a quick clip from my visit to the Tesla Luxembourg showroom, where the New Model Y was on display. Hope you like it! ⚡ #Tesla #ModelY #Luxembourg $tsla @DJIGlobal #OSMO #djimini4 @BeardedTesla @niccruzpatane",TSLA,Tesla
Sun Feb 02 22:51:00 +0000 2025,Interested here in potential trade on $NQ | $ES open. Been going over tickers all day and with tariff news seems like lower. $AAPL clear rejection from previous $245-247 level. $NVDA re break low and 200D. $TSLA below 50D. Clear higher lows $QQQ as well. Short pop scenario?,TSLA,Tesla
Sun Feb 02 20:45:52 +0000 2025,"So $TSLA is almost never my TotD because of its status as a meme stock. Meme stocks are so volatile that they almost always violate my rule about only posting trades I have 90+% confidence in. That said, I do from time to time ALLUDE to other, more perilous trades for those who",TSLA,Tesla
Sun Feb 02 04:26:56 +0000 2025,BIG NEWS! $TSLA $NVDA $SPY In 2025 I am doing a 10k to 100k Fibonacci Challenge Mixture of STOCKS and Futures -&gt; I will also do a small account challenge from 1k to 10k (STARTED) Mixture of 618 and 786 Fibonacci to Measured Moves and AUTOMATION + Candlesticks! Everything will,TSLA,Tesla
Sun Feb 02 18:53:15 +0000 2025,These tariffs will be devastating to Tesla. They may never financially recover from this. Everyone should sell their $TSLA shares to me immediately ahead of the launch of the Tesla driverless ride share service in Austin. (not financial advice),TSLA,Tesla
Sun Feb 02 19:03:19 +0000 2025,"Based on @troyteslike ‘s estimates, approximately 18% of $TSLA ‘s 2024 deliveries (323K of 1,789K) were imported from outside the country of final demand. That is the volume at risk if Trump’s tariffs develop into a full scale retaliatory trade war similar to what happened",TSLA,Tesla
Sun Feb 02 09:00:51 +0000 2025,how can i send my USDT From Okx wallet to binance exchange? $pegy $AAPL #USDT $COIN $AMZN $MDWD $PLTR $MSFT $UP $KOSS $ANVS $META $DXYZ $ZONE $TSLA $NVDA $GME $DJT $MULN $QQQ $SPY $DIA $QQQ $IWM $AMZN $SOFI $MSFT $AAPL $TSLA $SPCE $UTHR $IN #Bitcoin #cryptomarket,TSLA,Tesla
Sun Feb 02 18:20:23 +0000 2025,"$TSLA Tesla really just needs to mount the 2021 highs, have to assume a gap down on futures though. Still making lower highs from the ATH push we had and failing to hold over $415 Under the 50ma I am looking for the push down into $380-385",TSLA,Tesla
Sun Feb 02 22:00:44 +0000 2025,"$TSLA Daily Fib Levels Set the Fib from Oct 23 pivot low to the Dec 18 pivot high Stock has been holding at the 0.382 Fib Line at $382.94 since Jan 2 The 0.236 Fib Line above at $423.30 has acted as resistance If we get a big flush on tariffs, next support is down at the",TSLA,Tesla
Sun Feb 02 19:00:02 +0000 2025,Tesla is most American made car and may benefit from tariffs wars. Sounds good to me! $tsla,TSLA,Tesla
Sun Feb 02 17:19:54 +0000 2025,Master Trading Skills While Working From Home! $AAPL $AMZN $BTC $ETH $FB $GOOG $MSFT $QQQ $SPY $TSLA $EPR $WYND $LIVN $BBU $SPR $APLE $PK $M $CUK $CAR $CPA $EHTH $SHOO $CORT $EPZM,TSLA,Tesla
Sun Feb 02 02:21:20 +0000 2025,"There were other trades from Friday such as: $TSLA CALLS +250% ☑️ This one was based off HTF sentiment when we saw price action open above 400. Then we had: $QQQ CALLS +100% ☑️ Chose this over $SPY because the premiums were priced better. Total Return: +2,100% ☑️",TSLA,Tesla
Sun Feb 02 17:00:23 +0000 2025,Here is a quick recap of Q4 earnings from last week $META $TSLA $MSFT,TSLA,Tesla
Sun Feb 02 22:36:18 +0000 2025,Trading stats from today's session: $AMZN $AAPL $BA $BABA $FB $TSLA $MSFT $ROKU,TSLA,Tesla
Sun Feb 02 18:33:54 +0000 2025,"$TSLA bounced all the way to the declining upper trendline (pink arrow) for a wonderful overnight swing from the daily (left) 50 EMA (green arrow) ️‍♂️ I added intraday size to my swing trade at the hourly (right) 50 SMA (green arrow), and scaled out at the top of the hourly linear",TSLA,Tesla
Sun Feb 02 21:01:26 +0000 2025,"$TSLA just had their first annual delivery decline ever. It's clear attention is focused on other business lines rather than their primary revenue driver. The transition from EVs to robotaxi, Optimus, and more is beginning. #tesla",TSLA,Tesla
Sun Feb 02 22:14:23 +0000 2025,"$TSLA Extremely tight flag after a strong upside move, average volume and support from 50sma. Started off strong on Friday and reached its higher range but bounced off it. The next week will be crucial, and I believe an upside breakout is sending this to 500$+",TSLA,Tesla
Sun Feb 02 21:35:04 +0000 2025,Trading stats from today's session: $AMZN $AAPL $BA $BABA $FB $TSLA $MSFT $ROKU,TSLA,Tesla
Sun Feb 02 17:19:41 +0000 2025,"New administration: not so good for $TSLA?.. Over the past week, Tesla has faced potential impacts from newly implemented 25% tariffs on goods from Mexico and Canada, which could increase costs due to parts sourced from these countries. Additionally, Tesla's latest earnings",TSLA,Tesla
Sun Feb 02 18:06:28 +0000 2025,"$TSLA ""Trump Dump Trade "" Trump Volatility is here to stay next 4 years; as Traders embrace it and adapt, while $TSLA longs for us went 400% on 410c but the 410p lotto's went from 20 cents to 8 bucks on Trade Wars or 4000% Setup 1: Gap &amp; Go Setup 2: 5/12 Short System:",TSLA,Tesla
Sun Feb 02 17:15:13 +0000 2025,Be on the Right Side of the Market and let your money work for you. Blue box set ups gave us 72% return last year. Join us for 14 days Trial and start learning from our Market Experts. Link to register --&gt; #Elliottwave #Stocks $AAPL $TSLA $SPX $SPY,TSLA,Tesla
Sun Feb 02 13:44:37 +0000 2025,Considering tesla FSD still can’t tell a police car or fire truck from a dump truck. And it still can’t hear sirens from emergency vehicles. One might think it’s a bit unrealistic that this will be safe (unsupervised) in 6 months. $tsla,TSLA,Tesla
Sun Feb 02 14:54:51 +0000 2025,Canada in active trade war with U.S Canadian finance minster suggest 100 percent Tariff on Tesla $Tsla Lucid $Lcid and $Rivn can benefit from this $Trump,TSLA,Tesla
Sun Feb 02 22:45:13 +0000 2025,Master Trading Skills While Working From Home! $AAPL $AMZN $BTC $ETH $FB $GOOG $MSFT $QQQ $SPY $TSLA $EPR $WYND $LIVN $BBU $SPR $APLE $PK $M $CUK $CAR $CPA $EHTH $SHOO $CORT $EPZM,TSLA,Tesla
Sun Feb 02 02:38:24 +0000 2025,"If $MSTR had a stock price of $6,100 right now, we’d have the same PE as $TSLA (122) on FASB. If MSTR had a stock price of $6,100 one year from now, we’d drop all the way down to having the same PE as $AAPL (38) LOL. There is a MASSIVE amount of growth that’s coming over these",TSLA,Tesla
Sun Feb 02 15:28:30 +0000 2025,"Everyone’s buzzing about tech stocks, so let me share my technical analysis for $TSLA (Tesla). From the Weekly to the Daily timeframe, Tesla is showing promising long-term potential, but patience is key for the short term. Let’s break it down:",TSLA,Tesla
Sun Feb 02 13:40:48 +0000 2025,With no steering wheel or pedals. How would one manually take control of the cybercab when there is issues. Like it’s blocking an ambulance or stuck in traffic zones from construction. Or has to interact with unreasonable human drivers… $tsla,TSLA,Tesla
Sun Feb 02 19:35:45 +0000 2025,Can’t wait for 24hr trading to start so I can buy $NVDA &amp; $TSLA on a fake dip from weak emotional beta boys…..Tick Tock!!,TSLA,Tesla
Mon Feb 03 03:50:37 +0000 2025,"$TSLA Cybercab could be your private fitness studio on the go! Due to its quite spacious interior and lack of traditional controls such as a steering wheel or pedals, we could get in some BW exercises or stretches on our way to or from work. You might ask how about the",TSLA,Tesla
Mon Feb 03 03:32:47 +0000 2025,I like to take screenshots when there are bloodbaths so I can look back later on and remind myself that in a few months it likely won’t matter… Look at this one from August 5th… $HOOD at $14 my God… $NVDA at $93 and $TSLA at $187,TSLA,Tesla
Mon Feb 03 02:29:22 +0000 2025,From Elon @elonmusk To Retail $TSLA,TSLA,Tesla
Mon Feb 03 18:56:13 +0000 2025,By using TESLA FSD I know im safe and everyone else on the road is safer because the car is devoted solely to taking me from point A to B safely. $TSLA,TSLA,Tesla
Mon Feb 03 13:40:18 +0000 2025,GM. Let's start the day with some humor!☕️ Today the market tests our conviction. It's a day to see things from new perspectives and take advantage of the opportunities. $BTC $MSTR $NVDA $AMD $KULR $SOFI $NU $PYPL $HIMS $AMD $TSLA $NNE $RKLB $PRL,TSLA,Tesla
Mon Feb 03 18:16:59 +0000 2025,Tariff Update Mexico has agreed to deploy 10K troops to the U.S.-Mexico border in exchange for a 1 month tariff delay WALL STREET REVERSED COURSE FROM OPEN $AMZN $MSFT $META $AAPL $GOOGL $NVDA $TSLA $AVGO $V $COST $NFLX $ADBE $AMD $INTU $PLTR $UBER #Trump #tariffwar,TSLA,Tesla
Mon Feb 03 23:33:21 +0000 2025,"$TSLA In Italy, can buy the Model 3 from €35,990 with a Tesla bonus of €4,000.",TSLA,Tesla
Mon Feb 03 16:39:39 +0000 2025,Textbook wave 4 from $TSLA,TSLA,Tesla
Mon Feb 03 07:58:46 +0000 2025,"Looks like a bounce. We should not forget that $TSLA dropped more than others from 419 to 404 on Friday, and is not really affected by the fake tariffs. Sticking to my guess that this will be less dramatic than it seemed - but let’s stay very vigilant",TSLA,Tesla
Mon Feb 03 18:55:12 +0000 2025,"I’m literally turning down so many requests from new followers— I’ve come to complete realization that 90% of ppl are one way street, only 10% worth the time !! $TSLA Elite team formation in the works soon !!",TSLA,Tesla
Mon Feb 03 19:52:11 +0000 2025,"Picked up shares of $BORR today. Offshore drilling demand is rising, and BORR stands to benefit from increasing day rates and long-term contract stability. Strong cash flow growth + debt reduction = solid upside potential. $SPY $SPX $QQQ $TSLA $NVDA $ARM $COIN $MSTR $BABA",TSLA,Tesla
Mon Feb 03 14:48:43 +0000 2025,$TSLA Tesla About to hit $381 major high level from 2022.,TSLA,Tesla
Mon Feb 03 01:17:51 +0000 2025,"January Recap: $59,500 in Realized Gains from Options Trading! We kicked off 2024 strong with $59.5K in realized gains, thanks to a strategic mix of $TSLL cash-secured puts (CSPs) and $TSLA long calls. While TSLA returned 4.27%, our portfolio outperformed with a 13.28%",TSLA,Tesla
Mon Feb 03 21:41:35 +0000 2025,"Monday's Movers and Shakers (+/- 3%) ✅ $IDXX - earnings, cancer drug, buyback. ✅ $MSTR rallies from the open with #BTC. ✅ $ABBV up on good earnings. ✅ $MRNA another down day. ‍♀️ ✅ $TSLA got caught up in tariff news. ✅ $AAPL China 10% tariff news.",TSLA,Tesla
Mon Feb 03 14:37:26 +0000 2025,"$TSLA | (TSLA): Cantor Fitzgerald raises $ (from $365), maintains",TSLA,Tesla
Mon Feb 03 16:56:55 +0000 2025,Cantor Fitzgerald’s Andres Sheppard rises $TSLA price target from $365 to $425.,TSLA,Tesla
Mon Feb 03 14:59:29 +0000 2025,Not good for $TSLA. There are no real options volume resistance lines. Everyone went long. I started a small buyback at $380 this morning from what I sold at $412 - but there isn't much in terms of support until $350 or maybe $330. This market is going to be tricky for a,TSLA,Tesla
Mon Feb 03 16:05:48 +0000 2025,$TSLA $SPY Know this if I were genuinely concerned about something I would let you know I can sift bs from inherent truth pretty damn well,TSLA,Tesla
Mon Feb 03 14:35:14 +0000 2025,"I snatched my profit of $3,500 on Tesla ( $TSLA ) as soon as the market opened. I don’t care where it go from here",TSLA,Tesla
Mon Feb 03 23:38:22 +0000 2025,"from midnight (PST) to right now, $tsla has only moved up $0.50. that's even after mexico and canada tariffs were delayed with some pretty good concessions. lol. what the heck is going on?",TSLA,Tesla
Mon Feb 03 13:28:48 +0000 2025,What can save $TSLA for dropping lower? $TSLA $SPY,TSLA,Tesla
Mon Feb 03 21:06:16 +0000 2025,$nvda $tsla $meta $amzn $goog $nflx $aapl $msft #stockmarketcrash #FOMC #cryptocrash #stockmarketscrash #Colombia #DeepSeekR1 #FOMC #TrumpTariffs $SPX CALLS FROM $1200 TO $3100 each MONSTER MOVE CAUGHT ( only available on patreon ),TSLA,Tesla
Mon Feb 03 12:38:45 +0000 2025,Top flow from Friday... $TSLA $SPX $AAPL $AVGO $MRK $SPY $NVDA $MSTR $COIN $AMD,TSLA,Tesla
Mon Feb 03 04:49:55 +0000 2025,I was buying $TSLA between $100-$200 in 2022-23 with a simple thesis. They were investing billions on infrastructure. That paid off. $INTC is similar spending billions and getting help to do so from the US government. At $18.85 today buying $INTC has little downside with,TSLA,Tesla
Mon Feb 03 14:32:03 +0000 2025,"A quarterly cycle for $TSLA deliveries persists in Europe, despite Model Y being covered with local production. An ""EOQ wave"" with Model 3 from China cannot be excluded, but it is unlikely: $TSLA inventory in Europe is going the wrong way! 1/4",TSLA,Tesla
Mon Feb 03 17:53:11 +0000 2025,$TSLA = PRICE GAP REMINDER! WHEN ALGO DADDY SAID BECAREFUL YOU SHOULD PAY ATTENTION! Now We have $404 Price Gap to Fill from Friday Close! $452 Price Gap = HOPE!,TSLA,Tesla
Mon Feb 03 16:58:36 +0000 2025,"And there goes $TSLA. Starting to lose all the nice gains from the good tariff news. Never fails. No matter what, we're just part of a MEME stock now and an Elon gauge. When markets like Elon, we go up. When they don't (about 90% of the time), we go down.",TSLA,Tesla
Mon Feb 03 01:10:04 +0000 2025,My charts are basically default. Who has the slickest chart color scheme I can take inspiration from?? $NQ $ES $YM $SPY $QQQ $TSLA $NVDA $AAPL $MSFT $NFLX $META $BTC $DOGE $GC $CL,TSLA,Tesla
Mon Feb 03 20:53:41 +0000 2025,$QQQ bounced from the $511.84 runners target to the $519.85 over/under. $SPY $IWM $QQQ $TSLA $AAPL notes delivered daily:,TSLA,Tesla
Mon Feb 03 15:38:23 +0000 2025,Seeing a reversal in $SOFI from morning lows. Same goes for $TSLA (I bought more at market open).,TSLA,Tesla
Tue Feb 04 03:14:50 +0000 2025,wife asked me where the $tsla dip purchase money came from,TSLA,Tesla
Tue Feb 04 06:22:37 +0000 2025,"Deer frens, Day 47. Today presnident Trump let mr. Musk takes away condoms from hamas then lady Trudeau lost the war of tariffs feelsgr8man GN, $TSLA fren",TSLA,Tesla
Tue Feb 04 21:05:33 +0000 2025,$GOOG down in AH's. $TSLA is taking some of the hit too because it uses Google maps. Maybe down 8% tomorrow on this earnings news from Google?,TSLA,Tesla
Tue Feb 04 17:04:26 +0000 2025,"The sensing I get from the $tsla holders is that they are tired, and the hopelessness of the stock never recovering is there. I just want to show you guys this chart! This is mother of all set ups to breakout or go down! If @elonmusk don’t do the buy back now, $tsla will end up",TSLA,Tesla
Tue Feb 04 22:17:43 +0000 2025,"Can I please get some help from the @Tesla $TSLA community? We just had a light show for Forest, who is 7 years old and currently fighting cancer. It would be AMAZING, if we could get @elonmusk to take a second out of his busy day, LITERALLY SAVING the world, and say hi to the",TSLA,Tesla
Tue Feb 04 05:34:55 +0000 2025,Went from +$7 to -$3 $TSLA,TSLA,Tesla
Tue Feb 04 20:58:15 +0000 2025,Is this a New Model Y? I can’t be 100% sure from the video. $tsla,TSLA,Tesla
Tue Feb 04 06:25:25 +0000 2025,"0.02 During Biden Administration, $TSLA stock suffered primarily from high interest rate &amp; record inflation, not to mention constant attacks on Elon with bunch of lawsuits brought by the rigged DOJ &amp; SEC against both him and the company! Now with Trump administration,",TSLA,Tesla
Tue Feb 04 22:20:05 +0000 2025,"BREAKING MISHA COLLINS, former actor from the tv show #SUPERNATURAL just released a video claiming @elonmusk crashed his $TSLA on purpose. Claims he was targeted for not supporting Trump and being against Elon Musk’s vision for several years. @mishacollins I loved you on",TSLA,Tesla
Tue Feb 04 22:45:43 +0000 2025,Apart from $NVDA The rest of the Mag 7 have horrific 3-year rolling growth rates Mid single digit -&gt; mid teens growth on trillion dollar market caps I wouldn't touch any of them $AAPL $AMZN $MSFT $GOOG $TSLA $META,TSLA,Tesla
Tue Feb 04 15:35:22 +0000 2025,$TSLA looks much weaker than $RIVN on recent market. Perhaps it’s time to move on from Tesla to Rivian as a US No.1 EV maker? @elonmusk losing EV race due to political agendas?,TSLA,Tesla
Tue Feb 04 00:58:49 +0000 2025,"$TSLA Are you seeing what I'm seeing? Potential double bottom with RSI at the same levels compared to the last time we hit around $373. Success rates range from 70% - 85%, but take this with a grain of salt. Let's see how this ages. @flackos_gang @Vol8882",TSLA,Tesla
Tue Feb 04 02:13:03 +0000 2025,Did you know that Tesla removed the black from the new Y $TSLA WHY ?,TSLA,Tesla
Tue Feb 04 19:24:35 +0000 2025,Hadn't seen anything I liked all day then $NQ setup for an almost ~100pt trade. Liked the setup and liked how $NVDA $TSLA were making same higher lows at the time. Fumble was not keeping some $USEG short from yesterday for the swing.,TSLA,Tesla
Tue Feb 04 05:36:23 +0000 2025,China just announced tariffs of up to 15% on coal and LNG imports from the US. Of course $TSLA would be the first stock you’d think to sell on this news. $TSLA is either the golden child or the whipping boy.,TSLA,Tesla
Tue Feb 04 05:45:11 +0000 2025,"$STRH reached a new 52-week high yesterday, closing at .030475. It's been quite a run in 2025, starting from .005. $AAPL $ABBV $ADBE $AMAT $AMT $AMZN $BA $BABA $BYND $DIS $FDX $GOOG $HD $IWM $JPM $LK $LOW $LULU $LYFT $MA $NVDA $NFLX $PINS $QQQ $RH $SPY $TLT $T $TSLA $UWT $UVXY",TSLA,Tesla
Tue Feb 04 17:55:02 +0000 2025,This is another great feature from Tesla. I come across many chargers where people just don’t do any effort and drop the cable on the floor where snow gets stuck inside. I just turn on charger port heater and it melts the snow inside the cable within minutes. $tsla,TSLA,Tesla
Tue Feb 04 14:01:41 +0000 2025,"$TSLA broke lower from the consolidation pattern yesterday, but found support near the $373.04 pivot. The 8 and 50-day MAs are together near $399 for potential resistance.",TSLA,Tesla
Tue Feb 04 22:03:00 +0000 2025,Top Stocks for February 25: AI Picks the Biggest Winners From Trump’s Ne... via $PLTR $AAPL $Nvda $AMZN $TSLA $AMD #Trump #Stock $SPOT $META,TSLA,Tesla
Tue Feb 04 13:44:02 +0000 2025,"Cathie Wood's Ark Invest projects $TSLA Robotaxi could generate ~$34T in enterprise value within 5 years -- transforming Tesla from an automaker into a high-margin, AI-driven mobility platform with massive recurring revenue",TSLA,Tesla
Tue Feb 04 13:58:00 +0000 2025,"The 10 largest stocks in the world now have a combined value of $22.12T, up from $21.75T last week! Who’s leading the charge, and where’s it headed next? $NVDA $AAPL $MSFT $AMZN $GOOGL $TSLA $TSM $AVGO #stockmarketcrash #Stock",TSLA,Tesla
Tue Feb 04 14:06:00 +0000 2025,The latest post from $ADIA shows just how big the potential is for successful Stem Cell technology. It was up over +100% yesterday at one point and closed respectable at +48% $PCTL $BNOX $TSLA $ATOS $PLUG $RIVN $LI $CHPT $FSR $GOEV $GM $WKHS,TSLA,Tesla
Tue Feb 04 12:58:42 +0000 2025,$TSLA 1hr view from the weekend update. Showing recent price action taking place as expected #Elliottwave #Trading #Tesla,TSLA,Tesla
Tue Feb 04 10:40:22 +0000 2025,"$TSLA The Belgian EV market has hit new heights in 2024, with 127,750 new battery electric vehicles (BEVs) registered – a 36% increase from last year! Tesla Model Y – 13,242 units Audi Q4 e-tron – 8,631 units Tesla Model 3 – 8,044 units",TSLA,Tesla
Tue Feb 04 21:25:31 +0000 2025,"If we're praying that the US government buys our bags from us, its probably a sign that capital flows into BTC have reached a cap. Only thing holding us up is speculation. When QE? $BTC #Bitcoin $MARA $CLSK $IREN $MSTR $COIN $BTBT $HIVE $HUT $HIVE $BITF $RIOT $TSLA $NVDA",TSLA,Tesla
Tue Feb 04 15:09:42 +0000 2025,I just started a new long position in $TSLA in my Roth IRA today. Do I like everything Elon is doing right now? No. I haven’t owned $TSLA stock since he bought Twitter. But I think the company has major upside from here due to: 1. Optimus humanoid robots has a huge potential.,TSLA,Tesla
Tue Feb 04 14:47:17 +0000 2025,"$NFLX over $1,000! Perfect execution from the watchlist! $SPY $SPX $QQQ $TSLA $NVDA $ARM $AMD $TSM $SMCI $PLTR $AAPL $MSFT $COIN $MSTR $BABA",TSLA,Tesla
Tue Feb 04 17:16:59 +0000 2025,"We will see $TSLA reach $1,000 by early 2026. You can keep thinking Elon is the worst person alive but that couldn’t be further from the truth. Numbers don’t lie.",TSLA,Tesla
Tue Feb 04 15:25:57 +0000 2025,"$TSLA Daily...Low from Jan 2 has been weakened some now, watching for a nice shakeout below that level at some point to get heavy in this again. A lot of volume traded in that 350 area, but no guarantees it gets there.",TSLA,Tesla
Tue Feb 04 12:27:53 +0000 2025,Top flow from yesterday... $IWM $SPX $VIX $DHR $SPY $TSLA $NVDA $MRVL $MSFT $AAPL,TSLA,Tesla
Wed Feb 05 06:04:30 +0000 2025,"$TSLA stands out because it prioritizes real-world application and mass production from the start. While competitors like Boston Dynamics and Waymo often focus on impressive but niche or experimental solutions, Tesla ensures that its projects are designed for widespread",TSLA,Tesla
Wed Feb 05 23:50:33 +0000 2025,You CAN’T fake results from other people This is an EVERYDAY occurrence inside OnlyOptionsTrades $SPY $QQQ $SPX $NVDA $AAPL $AMZN $META $MSFT $GOOG $TSLA,TSLA,Tesla
Wed Feb 05 12:05:49 +0000 2025,$UBER reported strong earnings results today and I believe the company will benefit from introduction of autonomous driving from companies like $TSLA: ✅Revenue: $11.96B vs. $11.77B expected ✅EPS: $3.21 vs. $0.48 expected ✅Gross bookings: $44.2B vs. 43.5B expected ✅The,TSLA,Tesla
Wed Feb 05 13:30:03 +0000 2025,$TSLA Hello. Let me introduce myself. I am the new Model Y. It will be delivered to you from March. Please take good care of me.,TSLA,Tesla
Wed Feb 05 17:33:20 +0000 2025,Google misses on Revenue shares are down 7% SNAP posts stellar Earnings shares fall 7% for the day Pam Bondi Sworn in as US Attorney General of the DOJ US Postal Service Resumes package delivery from China &amp; Hong Kong $PLTR $TSLA,TSLA,Tesla
Wed Feb 05 18:13:16 +0000 2025,"Really considering $UBER here. What'd you think? What's the bear case? Competition from $TSLA? If this only, it's very weak imo. To me, valuation is very correct &amp; the business is clearly improving constantly. I hardly see how this could change as any self-driving company will",TSLA,Tesla
Wed Feb 05 08:44:29 +0000 2025,Let's see how big of a game changer the new deep research from @OpenAI is. $NVDA $AMD $TSLA $GOOG $MSFT $META $AMZN,TSLA,Tesla
Wed Feb 05 20:05:54 +0000 2025,"$UBER starting to look very interesting for a longterm portfolio... Forward P/E of only 19. If Robotaxi ever becomes a thing, they will be the leader. Buy the cars from $TSLA and monetize them.",TSLA,Tesla
Wed Feb 05 15:08:11 +0000 2025,Florian did not secure new capital for his insolvent leasing company owning &gt; 4'000 $TSLA cars yet. So he moves his greenwashing grift closer to his cult leader fElon SkuM. Far away from his angry Dutch bondholders. #CanaryInTheTeslaCoalMine MisterGreen going belly up...,TSLA,Tesla
Wed Feb 05 08:53:38 +0000 2025,"AI: A Tale of three 'AI Reasonings'. RTZ #622 ...evaluating the 'state of the art' (SOTA) from OpenAI, DeepSeek and Google #Tech #AI @OpenAI $MSFT $NVDA $META $AMZN $GOOG $AAPL $TSLA",TSLA,Tesla
Wed Feb 05 23:13:28 +0000 2025,$TSLA Energy Revenue is Booming 2020: $1.994B 2021: $2.789B 2022: $3.909B 2023: $6.035B 2024: $10.086B Grew 67% YoY from 2023 to 2024.,TSLA,Tesla
Wed Feb 05 19:48:53 +0000 2025,2022: Meta fell 77% from 2021 high $META Tesla fell 72% from 2021 high $TSLA Amazon fell 54% from 2021 high $AMZN Google fell 40% from 2021 high $GOOGL Apple fell 27% from 2021 high $AAPL 2025: Meta is up 684% from 2022 low Tesla is up 252% from 2022 low Amazon is up 178%,TSLA,Tesla
Wed Feb 05 21:13:02 +0000 2025,"North American lithium stocks are mixed today, while lithium flagmans $ALB and $SQM are deep red. $ALB was downgraded by Evercore ISI. $TSLA suffers from weak sales in California and Europe (supposedly driven by @elonmusk political activity).",TSLA,Tesla
Wed Feb 05 20:43:36 +0000 2025,$TSLA #TSLA Targeting 500 if we breakout from this downtrend. Invalidation below the 2025 low.,TSLA,Tesla
Wed Feb 05 00:53:09 +0000 2025,"When investors argue that $TSLA P/E and market cap will double or triple once TSLA launches paid unsupervised ride hailing in Austin TX, they are ignoring that TSLA’s forward P/E today is 132x, up from 90x before the election, vs an avg forward P/E of 75x over the past 3 years,",TSLA,Tesla
Wed Feb 05 22:47:56 +0000 2025,Obviously can’t forget this bad boy either. Another monster from today $LAES $BBAI $NVDA $TSLA $SPY,TSLA,Tesla
Wed Feb 05 05:44:23 +0000 2025,As promised $TSLA A Bull flag.... at Strong support. If you missed $TSLA going from $220 to $480 This is your chance to catch the next ride. $TSLA will be $500+ by May,TSLA,Tesla
Wed Feb 05 14:51:32 +0000 2025,"Rolled $AMD diagonal to a calendar, and closed $TSLA iron condor from earnings for $107 profit:",TSLA,Tesla
Wed Feb 05 23:20:01 +0000 2025,Tesla falls today because of a bogus headline by Reuters. Guess who received millions from USAID!!!!. $TSLA $NVDA $BTC $F $BA $DJI $JPM $QQQ $IXIC $WMT $VIX $DJT $V $PLTR $MU $AMZN $META $NFLX $AAPL $GME $AMD $NIO $SPY $MCD $PLTR $GM $XOM $MMM $META $AMGN $CAT $CSCO $CL $ETH,TSLA,Tesla
Wed Feb 05 13:04:51 +0000 2025,Success... King Protea from South Africa grown from seed... This is what I do all day when I'm not busy buying $TSLA $PLTR $NVDA and chasing the market,TSLA,Tesla
Wed Feb 05 20:51:39 +0000 2025,Jim Farley really needs to stop getting involved in politics...he's obviously destroying Ford's brand There's finally momentum from the shareholders to fire him as CEO! $F $TSLA,TSLA,Tesla
Wed Feb 05 20:46:37 +0000 2025,$TSLA and Musk are quickly going from hero to the world’s most hated man and brand. Consumers are avoiding Tesla like the plague…,TSLA,Tesla
Wed Feb 05 16:45:52 +0000 2025,"Getting a lot of questions about $UBER from subscribers -- so I thought I’d share my thoughts here as well I see this dip as a buying opportunity, not because the $TSLA Robotaxi risk isn’t real, but because the market is overestimating the short-term threat and",TSLA,Tesla
Wed Feb 05 14:08:51 +0000 2025,Boolish. 92% of $TSLA's revenues are from manufacturing and selling EVs so this should not be a problem.,TSLA,Tesla
Wed Feb 05 20:47:34 +0000 2025,He has a gag order put in place by the SEC from talking about $tsla due to his fraud.,TSLA,Tesla
Wed Feb 05 22:02:51 +0000 2025,"Interesting Symmetry in our correction so far from the Dec 18 highs in $TSLA 2 waves equalled 15 day length, while the potential C wave was only 12 days... I would argue that ER made up for the lower-quicker move to speed up that process, and that could also be accounting for",TSLA,Tesla
Wed Feb 05 00:33:15 +0000 2025,"ARE YOU KIDDING ME…?? OUR MEMBER MADE +$50,000 IN JUST THE LAST FIVE DAYS His secret? Learning from our experienced analysts inside our discord $SPY $QQQ $AAPL $NVDA $TSLA",TSLA,Tesla
Wed Feb 05 20:58:05 +0000 2025,"Tesla has dropped the lease pricing on its Cybertruck, with the base AWD version now costing $749 per month. This is the same Cybertruck build (core wheels, tactical grey interior) that Tesla is trying to sell from its existing inventory. @Tesla #Tesla $TSLA #cybertruck",TSLA,Tesla
Wed Feb 05 15:35:50 +0000 2025,"$TSLA having a delayed ""sell-off"" from earnings miss ?? 380 has tested 10+ times in the last month or so",TSLA,Tesla
Wed Feb 05 16:52:54 +0000 2025,$TSLA a painful test this morn I don't love all the risk from Elon and his involvement with the government and the ripple effects into $TSLA... added vol that we really don't need Still in 2026 calls,TSLA,Tesla
Thu Feb 06 15:50:32 +0000 2025,BREAKING: FORD CEO SAYS — THEY ARE EVALUATING POTENTIAL FULL SELF-DRIVING LICENSING $TSLA Will Ford license from Tesla ?,TSLA,Tesla
Thu Feb 06 16:23:33 +0000 2025,"Clip about $TSLA from @stocktwits live show yesterday ""The more times and with more frequency that support is tested, the more likely it is to fail."" Odds favor at least a shakeout - the stock is doing what it is supposed to do",TSLA,Tesla
Thu Feb 06 21:21:22 +0000 2025,"$CLSK $BTC $MARA $TSLA CleanSpark Q1 2025 Earnings Highlights: - Revenue: $162.3M (▲$88.5M YoY, +120%) - Net Income: $246.8M (▲$220.9M YoY from $25.9M) - Adjusted EBITDA: $321.6M (▲$252.5M YoY from $69.1M) - Marginal Cost per Bitcoin: ~$34,000 ⛏️ - Bitcoin Holdings &gt;",TSLA,Tesla
Thu Feb 06 21:59:43 +0000 2025,if I become a millionaire from $TSLA I won't tell anyone but there will be signs,TSLA,Tesla
Thu Feb 06 19:45:36 +0000 2025,"My New $TSLA Cybertruk has Arrived. I could ""Wind Up"" Loving this. @woodhaus2 broke the damn glass but apart from that shes perfect.",TSLA,Tesla
Thu Feb 06 06:34:02 +0000 2025,"#Netflix One more All Time High Some of the Mag7 are displaying ""fatigue"" from the earnings side ( $GOOG, $AAPL, $TSLA for example) and the upward trend has paused ( $NVDA). So far, $NFLX but also $AMZN continue to print ATHs. We'll see the upcoming earnings.",TSLA,Tesla
Thu Feb 06 06:23:48 +0000 2025,"$TSLA reported IRA credits of $625M in the US which lowers Auto gross margin (ex-credits) from 17.7% in 2023 to 17.2% &amp; from 15.4% to 14.5% in 2024. Operating margin drops to 3.7% in 2024, which is the 2nd lowest after Nissan, which is bankrupt. More details in the report.",TSLA,Tesla
Thu Feb 06 15:01:24 +0000 2025,"Keep Calm &amp; Buy Having an average purchase of $TSLA &lt; 200 w/gains of 85% Considering the potential from now to 5 years ,my strategy for the last 3 years has been simple: Regardless of the contingency, a value under 500 is really a gift from the gods....",TSLA,Tesla
Thu Feb 06 09:37:49 +0000 2025,"$TSLA $371, what do you think? Haven’t seen this for a while Technically, its immediate support level is $370. Short term I don’t see bullish, while longer term is very bullish, such as way above 200 day EMA. Fundamentals: you won’t see immediate earning reflection from robotaxi",TSLA,Tesla
Thu Feb 06 15:58:34 +0000 2025,"Good thing $tsla is not a car company because a car company going from 140 to 488 in 8 months on deteriorating fundamentals (sales, sentiment, subsidies) would normally be a scary thing",TSLA,Tesla
Thu Feb 06 19:31:49 +0000 2025,"BREAKING: FORD CEO SAYS — THEY ARE EVALUATING POTENTIAL FULL SELF-DRIVING LICENSING $TSLA Will Ford license from Tesla ? — TheSonOfWalkley (@TheSonOfWalkley) Feb 6, 2025",TSLA,Tesla
Thu Feb 06 21:13:13 +0000 2025,"Mag7 at market closure This week has been packed with earnings report from these companies. Despite, the slowdown in growth YoY. The market is not overreacting for now. $AAPL $MSFT $NVDA $AMZN $GOOGL $GOOG $META $TSLA",TSLA,Tesla
Thu Feb 06 20:30:17 +0000 2025,"I’d be careful shorting $TSLA here. We usually see pressure on the first test of an AVWAP from a prior high (re: $TSLQ). We also see that its fallen to the AVWAP from October earnings, a confluent Fib and Gann level, and a Fib fan that it has respected since the Jan 2023 low.",TSLA,Tesla
Thu Feb 06 16:22:10 +0000 2025,"This waiting period from now until June is what we call opportunity. Big money is simply transferring from $TSLA into shorter term “better” growth speculations ( aka gambling ) . Take this stagnant time of Tesla to accumulate as many shares as possible , cause it’s gonna be",TSLA,Tesla
Thu Feb 06 21:27:21 +0000 2025,It’s time to stop fucking around and make some real cuts. Energy Subsidies Costing Taxpayers $1.2 trillion. Triple the Congressional Budget Office’s $391 billion assumption when the law was passed. @elonmusk should resign from $TSLA and focus on DOGE.,TSLA,Tesla
Thu Feb 06 20:11:35 +0000 2025,$TSLA Chart Update Midday - special update!!! Not financial advice... Tesla is bearish .. I will provide my feedback and all scenarios available based on my sources and what I received today from some of the elites on WokeSt (DMs). It'll be later tonight followed,TSLA,Tesla
Thu Feb 06 17:10:06 +0000 2025,$TSLA I think it has bottomed. But this impulse up from here should close tag and hold 400. if not there might be another c down .,TSLA,Tesla
Thu Feb 06 23:19:18 +0000 2025,"A dragonfly in support on a gap down? I wonder what could happen from here? No free lunches in this market, but I like the setup. $TSLA",TSLA,Tesla
Thu Feb 06 21:54:20 +0000 2025,$TSLA Daily Chart Update 0.1 That's a sexy bounce from lower boundary of the tightening wedge with a dragonfly Doji candle close right at the bottom Lets all together call it Perfection - shall we ?,TSLA,Tesla
Thu Feb 06 15:28:28 +0000 2025,"What fueled this 30x run in $TSLA from 2019 - 2021? Innovation, execution and option flow",TSLA,Tesla
Thu Feb 06 22:45:24 +0000 2025,When you are a first time Tesla owner (after unlimited persuasion from other Tesla owners ) and try FSD for the first time they experience ecstasy. It’s like you are high without intoxication. Kudos to @Tesla @Tesla_AI FSD team. $TSLA,TSLA,Tesla
Thu Feb 06 15:05:13 +0000 2025,When you start seeing comments like this from bulls that usually means that bottom is close $TSLA NFA,TSLA,Tesla
Thu Feb 06 17:06:30 +0000 2025,$TSLA down 23% from recent High post elections Tesla stock is at Oct 2021 levels. So a 40 Months time-wise correction returning 0% for HODL But what’s funny is it is still trading at 180 X Earnings Tesla’s FY24 Revenues grew 0.9% EPS was down &gt;59% from $4.7 to $2.2,TSLA,Tesla
Thu Feb 06 20:46:35 +0000 2025,Little shake today. $GLD $SLV $CPER first than $SPY $QQQ midsession. Great snap back from $UBER another good day from $NVDA. $LLY and $XLF too. Thought $TSLA $QCOM struggled. Here comes $AMZN earnings tonight and Nonfarm Payrolls tomorrow.,TSLA,Tesla
Thu Feb 06 00:17:21 +0000 2025,Be on the Right Side of the Market and let your money work for you. Blue box set ups gave us 72% return last year. Join us for 14 days Trial and start learning from our Market Experts. Link to register --&gt; #Elliottwave #Stocks $AAPL $TSLA $SPX $SPY,TSLA,Tesla
Thu Feb 06 12:35:45 +0000 2025,Not a scene from a movie.. honestly! $TSLA,TSLA,Tesla
Thu Feb 06 09:43:50 +0000 2025,Do you know what is crazy Elon not only nearly doubled Twitter’s EBITDA He grew margins from 13% to 46% Still want to bet against Elon Musk? $TSLA,TSLA,Tesla
Thu Feb 06 16:33:36 +0000 2025,"$TSLA the moment we lost that automated level yesterday afternoon, it triggered a short for over 10 points Let’s see if we reverse from here",TSLA,Tesla
Thu Feb 06 12:29:56 +0000 2025,The Musk premium in $TSLA resulting from his 'being in power.' h/t @johnauthers,TSLA,Tesla
Thu Feb 06 15:15:44 +0000 2025,"Even $TSLA haters from Autoblog realized that Tesla isn't ""just a car company"".",TSLA,Tesla
Fri Feb 07 00:18:50 +0000 2025,"Damn, FSD survived so well in a rain storm?? AUTONOMY IS HERE Oh wait, the tiny bit of rain killed FSD/Cruise Control, effectively making it worse than cruise control on vehicles from 20 years ago… FSD13.2.2 on HW4 btw… ROBOTAXI COMING SOON! $TSLA",TSLA,Tesla
Fri Feb 07 03:57:02 +0000 2025,Incredible The robot from @tesla $Tesla $Tsla $Elon $Musk $Doge $Trump $Sui $Jasmy $Maga $Meme $Mlg $Jup $Xrp $Supa $Vine $Bome $Bsc $Vinu $Spx $Giga $Murad $Dogs $Xlm $Hbar $Kanye $Ye $Aapl,TSLA,Tesla
Fri Feb 07 19:47:40 +0000 2025,A week from today I’ll be sailing away in the Caribbean. $TSLA $MARA $COIN $RIOT $AAPL $MSFT $NVDA $SPX $NQ $ES $VIX $BTC #cryptomarket,TSLA,Tesla
Fri Feb 07 21:48:12 +0000 2025,$TSLA could be in the low $300’s soon and I couldn’t be more excited… So many people I’ve heard from are waiting to buy more at the lowest price possible!,TSLA,Tesla
Fri Feb 07 15:40:43 +0000 2025,BREAKING: CHINA RENAISSANCE RAISES $TSLA PRICE TARGET TO $429 (FROM $270) With a BUY rating !,TSLA,Tesla
Fri Feb 07 05:17:37 +0000 2025,"From all the years of eating in to save $ to invest in $TSLA, I think I’ve become the king at making shrimp fried rice",TSLA,Tesla
Fri Feb 07 20:48:04 +0000 2025,"If $TSLA can feed videos from the internet into their video training ""computer"", what is stopping others from doing the same? Other than a huge GPU cluster of course $NVDA $GOOGL $UBER",TSLA,Tesla
Fri Feb 07 06:30:04 +0000 2025,Guy books it from the cops at parking lot. The parking lot has a charging station too so he was probably topped off. TeslaDashCam $TSLA,TSLA,Tesla
Fri Feb 07 04:55:02 +0000 2025,"This post is from Nov 2023. Look at the performance of stocks that I recommended. There are two failures, but this list has massive wins like 455% , 577%, and 161%. $100K would become $231,400 in 15 months. $NVDA+161% $ADBE-27% $TSLA+59% $PLTR+455% $LLY",TSLA,Tesla
Fri Feb 07 03:31:21 +0000 2025,"$UBER Earnings gap already filled ✔️ My target of $69.90 from earlier came from the golden pocket .618 fib on the weekly. Would love to see us close above tomorrow To me, this chart is screaming $75+ incoming soon $TSLA $MSTR $COIN $META",TSLA,Tesla
Fri Feb 07 11:07:00 +0000 2025,"I have an intriguing hypothesis regarding Tesla's future strategy. Once $TSLA and Elon Musk fully develop and deploy Full Self-Driving (FSD) technology and achieve scalability with the Optimus robot, might we see a shift where Musk diverts his focus entirely from selling vehicles",TSLA,Tesla
Fri Feb 07 00:15:00 +0000 2025,$TSLA Semi up close! What do you guys think? Would love to hear from someone who has experience with Semi's!,TSLA,Tesla
Fri Feb 07 00:32:11 +0000 2025,"$TSLA = Get a Free Wrap for Your Cybertruck Order and take delivery of a new Foundation Series Cybertruck by March 31, 2025, to be eligible for a complimentary XPEL vinyl wrap of your choice.* Choose from a wide color pallet including a variety of gloss, matte and metallic",TSLA,Tesla
Fri Feb 07 18:50:08 +0000 2025,Tesla's $TSLA cash pile has grown to $36.6 Billion up from $1.9B a decade ago,TSLA,Tesla
Fri Feb 07 20:29:25 +0000 2025,"$NNOX, $RXRX, $QS After I got a profit from $TSLA and $IONQ, I heavily invest on three. $NNOX: King of Medical AI X-ray imaging $RXRX: King of AI design drug discovery $QS: King of Solid State Battery in US. Just like $IONQ, All have such moment coming that I am waiting for.",TSLA,Tesla
Fri Feb 07 22:37:26 +0000 2025,"1,000 true fans via Subscribers That's my 2025 goal. Consider subscribing if you're a long-term $TSLA investor looking to become a Teslanaire or looking to maintain your status as one. I'm here for you. Love hearing success stories from those I've helped over the years.",TSLA,Tesla
Fri Feb 07 13:58:54 +0000 2025,"B o o l l i s h ! No problem though bc 92% of $TSLA 's revenues are from manufacturing and selling electric cars. So, the world wide significant drop in $TSLA sales shouldn't impact the car company!",TSLA,Tesla
Fri Feb 07 17:47:40 +0000 2025,"When all you have to depend on from a stock is lies from the CEO, you got nothing. Hundreds of millions of people are boycotting Fascist-in-Chief at $TSLA",TSLA,Tesla
Fri Feb 07 20:52:06 +0000 2025,"Just covered a big position at $361 down from $408. Fantastic ride. Technically looks oversold and I expect Musk to come out and try to pump &amp; BS. Maybe now it’ll be teleportation. Will get back in to short some more. For now, I will enjoy the weekend and splurge. $tsla $tslaq",TSLA,Tesla
Fri Feb 07 16:30:00 +0000 2025,Regular and continuous burns are what sets us apart from other projects. #EFC #SONDAKİKA #LUNC #CryptoNews #storj #rdnt #WLD #api3 #TON $tsla #Trump #TraitorsUS,TSLA,Tesla
Fri Feb 07 17:46:30 +0000 2025,$RIVN / $LCID / $TSLA: US EV deliveries increased 25% y/y but fell 27% m/m. This is just most likely an effect of fears of the repeal of the IRA from buyers.,TSLA,Tesla
Fri Feb 07 21:13:54 +0000 2025,Just got back from my 1h run !! I see 1 order on my end filled !! Hope y’all did ok - expecting breaking news over the weekend !! Standby for volume report !! $TSLA,TSLA,Tesla
Fri Feb 07 15:52:52 +0000 2025,Be on the Right Side of the Market and let your money work for you. Blue box set ups gave us 72% return last year. Join us for 14 days Trial and start learning from our Market Experts. Link to register --&gt; #Elliottwave #Stocks $AAPL $TSLA $SPX $SPY,TSLA,Tesla
Fri Feb 07 22:36:28 +0000 2025,"$TSLA down 10% this week, they have no idea what is coming this year from Tesla.",TSLA,Tesla
Fri Feb 07 23:19:00 +0000 2025,"From now on, when I'm initiating a new position on $tsla, I will buy a protective put with it. Just like with I did with $pltr. Follow me to see my $tsla hedging ideas !",TSLA,Tesla
Fri Feb 07 16:56:57 +0000 2025,Time to mow the grass with my EGO &amp; a little help from $TSLA ⛽️…LFG!!!,TSLA,Tesla
Fri Feb 07 14:59:26 +0000 2025,$TSLA back up above 373 again n now we less red on our long from down 50% to only down 35%,TSLA,Tesla
Fri Feb 07 18:21:12 +0000 2025,"I think going on holiday in a few weeks will be a well deserved respite from the world [as I know it]. When I get back, I expect $TSLA to be back at ATH.",TSLA,Tesla
Fri Feb 07 04:40:54 +0000 2025,Jan $TSLA Sales In EUROPE on FIRE!!! DOWN Almost -50% YOY Barely 10k units sold from almost 19k last year...,TSLA,Tesla
Fri Feb 07 21:05:26 +0000 2025,$TSLA Next update: 02 | 07 | 2025 Previous post from Jan 3rd $SPX $SPY $QQQ,TSLA,Tesla
Sat Feb 08 14:20:35 +0000 2025,"Imagine betting against Tesla with Elon at the helm, CyberCab/RoboTaxi on the horizon and Optimus just months away from awakening. The tsunami is coming. $tsla",TSLA,Tesla
Sat Feb 08 10:16:16 +0000 2025,The new Model Y will be in 2️⃣0️⃣ german showrooms from March 1 2025 $TSLA,TSLA,Tesla
Sat Feb 08 13:54:28 +0000 2025,"Ford is struggling to sell its EVs, from the F-150 Lightning to the Mustang Mach-E. @FutureAZA breaks down how dealer inventory is piling up, buyers are hesitant, and competition is heating up! Can Ford keep up, or will $TSLA leave them behind?",TSLA,Tesla
Sat Feb 08 20:52:34 +0000 2025,"FSD 13.2.6 Roundabout testing from Hurry Mode to Standard! *** it is not advised to be driving in these road conditions, it is unsafe and some areas are not drivable or passable. ***unedited for complete transparency $TSLA @Tesla @Tesla_AI",TSLA,Tesla
Sat Feb 08 21:22:36 +0000 2025,"$TSLA CHINA HAS PUMPED UP OVER 170,000 ORDERS FOR THE NEW TESLA MODEL Y IN UNDER A MONTH FROM LAUNCH! Demand for the beast is about as high as your heart rate on leg day! ❤️‍",TSLA,Tesla
Sat Feb 08 16:45:16 +0000 2025,This is what it will look like with my $TSLA purchases 5 years from now. At least 5x from today,TSLA,Tesla
Sat Feb 08 00:48:27 +0000 2025,"I guess you can't do all the autonomous car stuff from the cloud; the low latency, real-time, mission critical stuff has to be done at the edge; #Echostar $SATS $AMZN $TSLA $TSLAQ $AAPL",TSLA,Tesla
Sat Feb 08 15:30:29 +0000 2025,I COULD swear I heard EACH of these POLITICIANS say they GOT ZERO $$$$$$ from Big Pharma companies. . Am I wrong??????? . $TSLA $QQQ $NFLX BTC Bitcoin $AAPL $SNOW $META $ARKK $GOOG $AMD $AVGO $MSFT $AMZN Trump &amp; Republicans &amp; Democrats MAGA,TSLA,Tesla
Sat Feb 08 00:52:54 +0000 2025,Fsd12.6.3 - wow. Fantastic update. Jerkiness from acceleration and braking nonexistent; no hesitation in decisions; merged onto the freeway better than me. Good work @Tesla. The future is here. $TSLA,TSLA,Tesla
Sat Feb 08 04:56:05 +0000 2025,Stop taking advices from subscription sellers. Zero value add $tsla,TSLA,Tesla
Sat Feb 08 16:48:47 +0000 2025,"For the $UBER bulls. Took a couple years, but Waymo is officially taking market share in SF away from Uber. Waymo loses a lot of money and is slow to roll out to new geographies. $TSLA will not have these concerns.",TSLA,Tesla
Sat Feb 08 00:54:34 +0000 2025,$AMD Very Transparent Chart Trend: AMD is a True Short from ATH $QQQ $SPY $AAPL $NVDA $SMH $SOX $NDX $GLD $SLV $TLT $MSFT $SPX $DIA $IWM $AMZN $META $GOOGL $TSLA $AVGO $SMH $MRVL $MU $TSM $MSTR $BTC $IBIT $JPM $C $GS $MS $XLF $DJT $XLE $XOM $CVX $OXY $GME $AMC $TGT $WMT $CAT,TSLA,Tesla
Sat Feb 08 03:05:00 +0000 2025,"Shift time? $PLTR has been a monster, up +443% from my entry at $20.68. But its PE ratio is insane now! Meanwhile, $TSLA has a bigger upside, so I’m considering reallocating. #PLTR #TSLA #StockMarket #Investments",TSLA,Tesla
Sat Feb 08 16:50:57 +0000 2025,From @IBDinvestors $tsla,TSLA,Tesla
Sat Feb 08 09:30:46 +0000 2025,"$TSLA closed at $361.62, down 24.6% from its ATH of $479.86 on December 17, 2024, showing more than twice the volatility of the market. Likewise, my #Tesla stretched a 70-meter Supercharger trip across 7.3 km, always pushing boundaries.",TSLA,Tesla
Sat Feb 08 15:35:14 +0000 2025,"Imagine a day, a few years from now, when the US Debt clock, having already slowed down to a crawl, completely stops and then... starts to reverse. @DOGE @elonmusk $TSLA",TSLA,Tesla
Sat Feb 08 04:10:29 +0000 2025,"The commoditization of ride fares is happening before our eyes. As pricing continues to drop with competition, and with the launch of so many autonomous taxi businesses, where will the profits come from in this ambiguous ride business? $TSLA $UBER",TSLA,Tesla
Sat Feb 08 00:21:25 +0000 2025,New $TSLA Model Y from here on out,TSLA,Tesla
Sat Feb 08 20:10:36 +0000 2025,Master Trading Skills While Working From Home! $AAPL $AMZN $BTC $ETH $FB $GOOG $MSFT $QQQ $SPY $TSLA $EPR $WYND $LIVN $BBU $SPR $APLE $PK $M $CUK $CAR $CPA $EHTH $SHOO $CORT $EPZM,TSLA,Tesla
Sat Feb 08 00:52:06 +0000 2025,$TSLA - This would be the .382 retracement from the all-time high to the $138 low back in April last year:,TSLA,Tesla
Sat Feb 08 16:38:13 +0000 2025,"$TSLA Updated Chart -Broke descending triangle down, $375 was a key support -Currently testing the $361 support, which has been resistance before -$350 is 50% retracement on FIB from Nov to Jan run -Additional levels to look at below, $330 100D MA, $317 &amp; $270s (200D MA) on FIB",TSLA,Tesla
Sat Feb 08 12:58:45 +0000 2025,"Excellent discussion of the concept of risk and volatility from Cern Basher. With any investment, whether it be Bitcoin or $TSLA, having a longer time horizon helps you focus more on what actually matters - the underlying fundamentals of the asset / company.",TSLA,Tesla
Sat Feb 08 22:39:05 +0000 2025,Master Trading Skills While Working From Home! $AAPL $AMZN $BTC $ETH $FB $GOOG $MSFT $QQQ $SPY $TSLA $EPR $WYND $LIVN $BBU $SPR $APLE $PK $M $CUK $CAR $CPA $EHTH $SHOO $CORT $EPZM,TSLA,Tesla
Sat Feb 08 18:14:53 +0000 2025,PROFITS START HERE! ✅ No Daily Loss Limits ✅ Withdraw From Day 1 50% OFF + NO FEES → Code: SUMMER40 $ES_F $NQ_F $YM_F $SPY $SPX $QQQ $TLT $FB $AMZN $AAPL $NVDA $NFLX $GOOGL $TSLA $XLK $XLE $XLF #NQ #NQ_F #FuturesTrading #forextrader,TSLA,Tesla
Sat Feb 08 02:20:04 +0000 2025,$TSLA IS NOW DOWN -25% FROM ITS RECENT HIGHS,TSLA,Tesla
Sat Feb 08 18:52:27 +0000 2025,Rent out your $tsla shares to buy call options. My possible trade for Monday is: Sell 4 June 2027 $800 calls to sell at $800 or I can roll out to a higher strike in 6 months when Dec 2017 options come out. Use the proceeds from the covered call to buy 2 June 2027 $360 calls.,TSLA,Tesla
Sat Feb 08 17:15:07 +0000 2025,Would you hire a helper in home whose political beliefs you strongly disagree to? Think of that while awaiting news of Optimus. $TSLA needs to be cut off from politics.,TSLA,Tesla
Sat Feb 08 23:42:55 +0000 2025,"Token Name: LLC, CA:9rnytswiNZLhZu2pjQRrrCnh7hNR9iNYbWXADaVYpump Doubled my money on $TSLA.SEXY thanks to a tip from my Falcon Gem AI Bot! Bought in based on its signal, already cashed out my initial investment. Now just watching this beauty",TSLA,Tesla
Sat Feb 08 20:53:54 +0000 2025,My analysis on $TSLA. $TSLA will melt faces off many dip buyers and traps weak longs if it dips to recent highs from 2022(314) and fill some lower gaps till smart money acc zone which is between 275-314 while the 200 EMA catches up to that price. Loss of 357 can trigger 314.,TSLA,Tesla
Sat Feb 08 21:45:35 +0000 2025,$TSLA Model 3 Long Range has a 75 kWh battery pack. If you wanted to charge from 20-80% it would only take you 428 hours of constant peddling at 105 Watts to charge.,TSLA,Tesla
Sun Feb 09 14:38:14 +0000 2025,"$TSLA stock has been on a wild ride! Jumping from $213 in October to $479 in December, only to drop back to $370 now! But don’t get caught up in the ups and downs. The real growth will come from progress on Robotaxi and humanoid bots! Will this push stock growth? @CernBasher",TSLA,Tesla
Sun Feb 09 12:36:34 +0000 2025,$TSLA update from the “Biggest uncapped market for Tesla”. India - Modi meeting with @elonmusk Feb 13th - New Model Y demand - $TSLA supercharging - Megapack factory Shanghai Enjoy!!,TSLA,Tesla
Sun Feb 09 22:15:16 +0000 2025,$tsla innocent retail investors are squeezed from all sides and loosing their hard earned money,TSLA,Tesla
Sun Feb 09 20:12:21 +0000 2025,$TSLA down 26% from election run and high of $488.3. Short side targets =&gt; $350 =&gt; 348 =&gt; 335 Long side targets =&gt; 360 =&gt; 373 =&gt; 385 #investing #trading #stockmarket #TSLA,TSLA,Tesla
Sun Feb 09 00:33:38 +0000 2025,"Took a break from talking Tesla to laugh a little… but let’s be real, the funniest thing is people still betting against $TSLA.",TSLA,Tesla
Sun Feb 09 16:20:24 +0000 2025,$TSLA is oversold it’s more news driven at the moment (DOGE) let the dust settle down maybe this week it should bounce from this level (360 is the support level) I’m waiting for it to cross 370 as you are Have a great day Blonde,TSLA,Tesla
Sun Feb 09 16:00:32 +0000 2025,"Morgan Stanley: Humanoid 100 $TSLA $NVDA Morgan Stanley has introduced the ""Humanoid 100,"" a global index of companies poised to benefit from the rise of humanoid robots. As AI shifts from software to physical machines, investors are eyeing this disruptive market. The",TSLA,Tesla
Sun Feb 09 05:21:20 +0000 2025,Word from Kendrick to $TSLA investors when the sentiment is low:,TSLA,Tesla
Sun Feb 09 04:34:58 +0000 2025,Divest from $TSLA,TSLA,Tesla
Sun Feb 09 06:39:15 +0000 2025,"$TSLA The Symbol should be seeing buyers, if it reaches the area between $323.98-$252.46, a minimum of three waves bounce should happen from the area. Here is the latest 1H chart showing the idea and future path. #elliottwave #trading $NQ_F $QQQ",TSLA,Tesla
Sun Feb 09 08:46:29 +0000 2025,"On February 9, 2011, Bitcoin reached parity with the dollar for the first time. From that milestone to today, Bitcoin's growth has been incredible. $SPY $TSLA $NVDA $QQQ $META $COIN $MSTR #BTC $AVGO $ARM $NFLX $AMD $AAPL",TSLA,Tesla
Sun Feb 09 16:13:56 +0000 2025,The top 10 largest stocks in the world are now worth a combined $21.2 Trillion down from $21.54T last week 1. $AAPL 2. $NVDA 3. $MSFT 4. $AMZN 5. $GOOG 6. $META 7. $2222.SR 8. $TSLA 9. $TSM 10. $AVGO,TSLA,Tesla
Sun Feb 09 15:19:40 +0000 2025,A message from Tesla CEO: $TSLA,TSLA,Tesla
Sun Feb 09 21:50:21 +0000 2025,"V13.2.7 first impressions: Not much change to report here, but everything was buttery smooth. It’s exactly the performance you’d expect from V13. It did take a better route than the NAV had planned which I was happy about. Can’t wait to test more this week! $TSLA",TSLA,Tesla
Sun Feb 09 17:45:09 +0000 2025,Be on the Right Side of the Market and let your money work for you. Blue box set ups gave us 72% return last year. Join us for 14 days Trial and start learning from our Market Experts. Link to register --&gt; #Elliottwave #Stocks $AAPL $TSLA $SPX $SPY,TSLA,Tesla
Sun Feb 09 15:24:19 +0000 2025,Perfect way to start Sunday Finally getting bumped up from v13.2.2 $TSLA @teslascope,TSLA,Tesla
Sun Feb 09 21:44:46 +0000 2025,$TSLA weekly. Tariffs from China might cause a breakdown of the support at 360,TSLA,Tesla
Sun Feb 09 05:10:32 +0000 2025,Good place to slowly start adding or covering/cutting in case you were short from the Dec-Jan top $TSLA,TSLA,Tesla
Sun Feb 09 20:16:02 +0000 2025,"$TSLA Is Tesla 500, 700, 800 about to start? What if every put below this line is worthless? TESLA QUARTERLY CHART From the that brought you “you will not go below the 50 week SMA” in $NVDA",TSLA,Tesla
Sun Feb 09 17:17:39 +0000 2025,"Elon - @elonmusk I tweeted numerous times about laundering money to off -shore accounts specifically Cayman Islands where most HFs on WokeSt place their short position from, under different names () - naked short $TSLA without reporting profits nor paying taxes. Instead, they",TSLA,Tesla
Sun Feb 09 17:06:46 +0000 2025,"Elon: “That’s going to be a ‘no’ from me, dawg. $TSLA would turn into a penny stock overnight.”",TSLA,Tesla
Sun Feb 09 00:32:58 +0000 2025,The latest video from Tesla features a full size Robovan and a mini Robovan in the background. $TSLA,TSLA,Tesla
Sun Feb 09 01:01:54 +0000 2025,From 12.5.4 to 12.6.3 let’s goooo $TSLA SO BULLISH ON HW3. Keep sleeping on them can’t wait to test it,TSLA,Tesla
Sun Feb 09 15:32:59 +0000 2025,Master Trading Skills While Working From Home! $AAPL $AMZN $BTC $ETH $FB $GOOG $MSFT $QQQ $SPY $TSLA $EPR $WYND $LIVN $BBU $SPR $APLE $PK $M $CUK $CAR $CPA $EHTH $SHOO $CORT $EPZM,TSLA,Tesla
Sun Feb 09 17:12:46 +0000 2025,"Earnings this week, my positions: $RDDT 2/12 amc current pos +20% from Feb 3 entry holding 2/3 size after trimming 1/3 @ +2r $HOOD 2/12 amc current pos +15% from Jan 29 entry holding 2/3 size after trimming 1/3 @ +2r $SPY $QQQ $IWM $NVDA $TSLA $HIMS $GAMB $TEM $EH $DOCS $LEU",TSLA,Tesla
Sun Feb 09 14:16:42 +0000 2025,"The stock market remains be choppy. The major indexes aren't far from record highs but the Nasdaq is below its 50-day. Weekly charts can help put bullish/bearish daily moves in perspective. There are leaders flashing buy signals, but big losers too. $TSLA $APP $HOOD $SHOP 1/",TSLA,Tesla
Sun Feb 09 18:30:12 +0000 2025,"And $TSLA bulls think FSD poses an existential threat to $UBER. The first fatality from FSD will set them back ages. Not to mention, getting full regulatory clearance in every major metro which $UBER has already done. Not to mention the CAPEX required. It is quite foolish.",TSLA,Tesla
Sun Feb 09 16:48:08 +0000 2025,Trading stats from today's session: $AMZN $AAPL $BA $BABA $FB $TSLA $MSFT $ROKU,TSLA,Tesla
Sun Feb 09 03:06:34 +0000 2025,"$tsla friends, what are you doing right now? just woke up from a two hour exhaustion nap. my fam just left to go watch a movie and i stayed behind cause i'm not feeling well. hope it's not the flu cause they all just got over it.",TSLA,Tesla
Sun Feb 09 20:47:29 +0000 2025,"Unhappy with fsd 12.6.3 retrograde from 12.6.1 . I did reset yesterday morning. After reset, feel improvement in ~70 miles drive of combination of local and freeway, but need wait for more drive in weekday for solid conclusion. $tsla.",TSLA,Tesla
Mon Feb 10 14:49:19 +0000 2025,Congratulation to @elonmusk and DOGE for trimming approximately $250 Billion from $TSLA stock price since the inauguration. That's progress!,TSLA,Tesla
Mon Feb 10 21:26:12 +0000 2025,"When $TSLA is a bargain no one wants to buy it, sentiment manipulation is effective. Keep your investment thesis &amp; conviction in mind. Critical investing skill. The coming weeks will test you. EVERY YEAR $TSLA drops 30%-60% from highs, but only 2 red years in $TSLA history.",TSLA,Tesla
Mon Feb 10 14:00:28 +0000 2025,BREAKING: PRESIDENTIAL CAPITAL RAISES $TSLA PRICE TARGET TO $426 (FROM $278) Massive upgrade !,TSLA,Tesla
Mon Feb 10 18:30:48 +0000 2025,Fun chart on $TSLA from the Greenspan lawsuit.,TSLA,Tesla
Mon Feb 10 13:40:33 +0000 2025,"Good morning, I don’t know about you, but I’m still bullish on Tesla $TSLA and this is a gift from the stock God. Any negative sentiments are temporary. Facts is Tesla is building the future and you don’t bet against Elon Musk. I’m buying shares at these levels.",TSLA,Tesla
Mon Feb 10 21:06:04 +0000 2025,"If Elon is as successful at DOGE as he is as fuc!king $TSLA investors, we'll all see some great results from him.",TSLA,Tesla
Mon Feb 10 21:11:42 +0000 2025,"So many *NEW* $TSLA investors are upset that the stock keeps dipping and so many shorts/bears have come out from their mom's basement and are loud for the 69th time. If I know from experience, these are the best times to dollar cost average BUT... Tesla stock never made sense",TSLA,Tesla
Mon Feb 10 12:12:10 +0000 2025,$TSLA favorability rating from Stifel's Stephen Gengaro,TSLA,Tesla
Mon Feb 10 12:30:00 +0000 2025,Regular and continuous burns are what sets us apart from other projects. #BTC $eth #LUNA $pepe #Ethereum #Holo $tsla $Bonk #Altcoins #LUNC $LUNC #NoboaNuncaMás,TSLA,Tesla
Mon Feb 10 17:41:09 +0000 2025,"Over $500B will be spent on Al this year: BigTech - $AMZN: $105B - $MSFT: $80B - $GOOG: $75B - $META: $65B - ByteDance: $20B - $ORCL: $10B - $TSLA: $5B Other Initiatives - Project Stargate: $125B p.a. - Europe's ""Stargate"": $100B+ The AI buildout is far from done.",TSLA,Tesla
Mon Feb 10 12:38:35 +0000 2025,Not letting market noise distract me from the best and most innovative company in the world. Continuing DCAing into $TSLA,TSLA,Tesla
Mon Feb 10 20:47:10 +0000 2025,If 100 16 yr olds were to drive from New York to LA nearly all of them would arrive without an accident. If 100 Teslas on FSD made the trip and the drivers didn’t ever intervene. All would crash prior to arrival. $TSLA,TSLA,Tesla
Mon Feb 10 19:29:41 +0000 2025,"$TSLA: these are the two year, I bought a bunch today and last week. I don’t usually buy *with such charts, but times have changed. AI is more important, as is the ability to access AI. Name another company that rules our time away from our phone? Imagine when these agents",TSLA,Tesla
Mon Feb 10 17:22:57 +0000 2025,"Still shy to ride web3 narratives? They’re all we got Crypto’s instant global access = faster &amp; more sweeping hype cycles from #Solana to #BNBChain you want your project to engage in. Dot-com era was trend-driven 1st, same as $TSLA, $GOOG &amp; $AMZN. Till empires were born.",TSLA,Tesla
Mon Feb 10 03:05:11 +0000 2025,Ummmm $TSLA ok need some input from everyone.. Tessie App...,TSLA,Tesla
Mon Feb 10 15:13:36 +0000 2025,$TSLA We gapped below an open gap this morning and then filled it from below.,TSLA,Tesla
Mon Feb 10 14:39:29 +0000 2025,"$TSLA Total losses from $TSLA for transparency's sake. I'm not one to shy from making mistakes, the most important thing for me is to learn from them. Hope this can help others learn from my mistakes too PAY-TIENCE.",TSLA,Tesla
Mon Feb 10 05:26:54 +0000 2025,"Today Tesla officially confirmed that the new Model Y Long Range AWD gets an EPA range rating of up to 327 miles (568km), up from Tesla's own estimate of 320 miles that it currently lists on its website. That's 5.14% more range than the old Model Y. @Tesla $TSLA #TeslaModelY",TSLA,Tesla
Mon Feb 10 11:12:44 +0000 2025,"President Capital Adjusts Price Target on Tesla $TSLA to $426 From $278, Maintains Buy Rating.",TSLA,Tesla
Mon Feb 10 02:13:57 +0000 2025,This is interesting #SuperBowl highlights from ⁦⁦@kendricklamar⁩ $Doge $Trump $surely $car $Sui $Jasmy $Maga $Meme $Mlg $Jup $Xrp $Supa $Vine $Bome $Spx $Giga $Dogs $Xlm $Hbar $Grass $Bff $Tst $kai $Bnx $Onc $bnbcat $Tesla $Tsla $Elon $Musk #jailstool,TSLA,Tesla
Mon Feb 10 20:47:18 +0000 2025,In about 4 months from now... ! It'll be insane ! $TSLA @Tesla !,TSLA,Tesla
Mon Feb 10 01:59:50 +0000 2025,Had to recover from that God awful half-time show…. Bought some $TSLA ❤️‍,TSLA,Tesla
Mon Feb 10 15:39:18 +0000 2025,I let my subscription to @SERobinsonJr expire so I could subscribe again through and avoid Apple taking their 30% cut from him. The daily recaps and in-depth coverage of not only $TSLA but all of Musk's companies are well worth the $4 a month.,TSLA,Tesla
Mon Feb 10 16:57:14 +0000 2025,Justice will come for $TSLA shareholders amidst all the legal turmoil that has befallen it from frivolous legal claims and judgments.,TSLA,Tesla
Mon Feb 10 13:38:24 +0000 2025,What to expect from $tsla today!,TSLA,Tesla
Mon Feb 10 16:07:22 +0000 2025,$TSLA staying away from covered calls for the next 2 weeks on tesla. 4hr RSI just dipped below 30. time to bounce.,TSLA,Tesla
Mon Feb 10 16:34:27 +0000 2025,$TSLA bounced from the $351.97 downside target.,TSLA,Tesla
Mon Feb 10 23:52:24 +0000 2025,"My CashApp Stock Market Portfolio today on a $30,796 investment. A Gain of +$61 from a higher Gain +$155 in the session! Had a low of the day at -$64 My Top 10 and Bottom 10 stocks $EL $TSLA +$7,460 (+24.23%)",TSLA,Tesla
Mon Feb 10 17:37:11 +0000 2025,"Matrix LEDs help you see clearly on dark roads, even when there's oncoming traffic. They block light from shining directly on other cars while keeping the rest of the road bright. $TSLA",TSLA,Tesla
Mon Feb 10 03:03:30 +0000 2025,"$TSLA W Re-drew the Gann Square to originate from Aug 5 swing low. None of the indicators look good. If the Kijun (red base line) or 0.786 Fib don't support this downtrend, it's likely going to slide down this Gann arc and test that aqua blue Gann fan (~$320)",TSLA,Tesla
Tue Feb 11 19:37:58 +0000 2025,It took $TSLA just 60 days to lose over 30% from its highs.,TSLA,Tesla
Tue Feb 11 19:54:17 +0000 2025,I usually post sarcastic technical analysis but now enough is enough Elon. The fact that we are not rich overnight is straight up madness and unacceptable. $TSLA stock is ass. Let's get serious. Here is what you can expect from now on: So $TSLA has formed the famous Frenchman's,TSLA,Tesla
Tue Feb 11 19:09:46 +0000 2025,"""the stock market is a device for transferring money from the impatient to the patient” | Warren Buffett $TSLA",TSLA,Tesla
Tue Feb 11 15:56:50 +0000 2025,$TSLA needs to recover from this always red,TSLA,Tesla
Tue Feb 11 20:48:04 +0000 2025,"The best thing for $TSLA, the company and shareholders would be to downgrade Elon's title to Chief Innovation Officer. Strip him of CEO. Bring in someone who has a fiduciary interest to shareholders (the actual job of a CEO) and we move away from the political overhang.",TSLA,Tesla
Tue Feb 11 16:04:11 +0000 2025,"$TSLA Stocks goes on +200% rally for 1 year. First down month from ATHs and twitter: ""Everyone is so bearish, Im buying now."" Definition of greed.",TSLA,Tesla
Tue Feb 11 13:38:05 +0000 2025,"$TSLA rode the 8-day up, but the sequence changed—lower highs &amp; a break below MAs. Now? C+ list. $BABA went from C-list to A-list on AI cost cuts &amp; margin boost. Managed w/ rolling calls. Timing is key.",TSLA,Tesla
Tue Feb 11 17:32:22 +0000 2025,"I’m just curious, with a show of hands, who’s buying the $TSLA dip?! ‍♂️ Tesla stock is down -30% from all time highs of $488.53 hit on 12/18/25 and those that see Elon as a risk is missing the forest from the trees. These are the most important things happening at Tesla in",TSLA,Tesla
Tue Feb 11 19:47:04 +0000 2025,Live heat! No help from $TSLA today. But getting near supports.,TSLA,Tesla
Tue Feb 11 17:36:49 +0000 2025,$TSLA. Oh snap 100 sma. Either bounce from here to $39x or we go down to $30x and then bounce back to $39x.,TSLA,Tesla
Tue Feb 11 15:27:27 +0000 2025,"Tesla's AI's ""Generating ground truth for machine learning from time series elements"" is now a patent in the USA as well. LFG @aelluswamy @Tesla_AI @elonmusk @WholeMarsBlog @SawyerMerritt $TSLA",TSLA,Tesla
Tue Feb 11 17:29:17 +0000 2025,$TSLA Curious if I’ll have any money left in my stock to buy my X Plaid when it arrives I’m kidding but I’m sure a lot of you are wondering WTF is going on Here’s the answer - it’s all noise to distribute money from the weak to the strong #TESLA @WholeMarsBlog,TSLA,Tesla
Tue Feb 11 03:53:18 +0000 2025,"Deer frens, Day 53 51 52. I felt insleep so long lissening to the tv, woah. Oh, and today mr. Musk said hes guna OpenAi to save humanity from Scam Altman, feelsgoodman GN, $TSLA fren ps I think presnident Trump got us the Gulf of American then said no moar plastik straws,",TSLA,Tesla
Tue Feb 11 18:15:03 +0000 2025,Just a reminder for $TSLA There are Phantom Prints from December that remain open,TSLA,Tesla
Tue Feb 11 20:20:48 +0000 2025,$TSLA $324 is where the massive ABC correction from the all-time high lands at.,TSLA,Tesla
Tue Feb 11 20:24:35 +0000 2025,"Biggest hurdle for those invested in $TSLA? Withstanding volatile price movements to the downside. All fall into one of 3 categories: 1. Holders 2. Buyers 3. Panic Sellers Fear must be checked. Remove all emotion. Otherwise, you run the risk of removing yourself from",TSLA,Tesla
Tue Feb 11 19:31:50 +0000 2025,$TSLA - Looking beyond the focus of the day Everyone on (and elsewhere) is watching the 100-day MA for potential support. So what's next if that doesn't hold? Fibonacci extensions and retracements have been relevant for the move from April lows to Dec. highs. It probably,TSLA,Tesla
Tue Feb 11 15:25:02 +0000 2025,"$TSLA bottoms within 1 week from today. Snap back rally to 400 me thinks. If wrong, I’m still a legend If right, I’m still a legend Win win",TSLA,Tesla
Tue Feb 11 12:48:41 +0000 2025,"$TSLA - MUSK'S OPENAI BID DISTRACTION FROM TESLA CHALLENGES, SAYS OPPENHEIMER",TSLA,Tesla
Tue Feb 11 23:37:46 +0000 2025,Did Sam Altman make a mistake by not taking this offer from Elon Musk…? $TSLA #ElonMusk #OpenAl #SamAltman,TSLA,Tesla
Tue Feb 11 16:40:35 +0000 2025,"FSD has expanded to Mexico. Since Mexico’s road conditions differ from those in the U.S. and Canada, this should help improve FSD learning. $TSLA",TSLA,Tesla
Tue Feb 11 16:59:12 +0000 2025,$TSLA Am not interested in longing Tesla until it reaches $200.. If you want a short term entry where the price should have a healthy bounce from is around the fib 0.5 at $315,TSLA,Tesla
Tue Feb 11 10:22:47 +0000 2025,I am old enough to remember when $TSLA bulls claimed that Tesla was years ahead in EV batteries (while ignoring that all the cells came from Panasonic): “Hyundai is launching its all-solid-state ‘Dream’ EV battery pilot line next month” $TSLAQ,TSLA,Tesla
Tue Feb 11 17:26:28 +0000 2025,"I've held $TSLA from $400 to $100, you think you could hurt me?",TSLA,Tesla
Tue Feb 11 17:13:15 +0000 2025,Swung a ton of $TSLA puts from HOD yday and added more $PDD calls at LOD today. Having fun!,TSLA,Tesla
Tue Feb 11 17:21:18 +0000 2025,"TNR Gold looks forward to first royalty payments from Ganfeng Lithium’s Mariana Lithium Project | TSX-V:TNR, OTC:TRRXF “Ganfeng Lithium's new lithium chloride production plant in Argentina, is set to officially open on February 12.” $GNENF $TSLA $LiT $GDX",TSLA,Tesla
Tue Feb 11 17:16:32 +0000 2025,$TSLA derives 90%+ revenue from automotive. The rest is Non-meaningful. Most of the PROFIT is ones time subsidies that are not viewed as one time because the graft has been going on for so long. It is 100% impossible to substitute the revenue with imaginary products. $TSLA,TSLA,Tesla
Tue Feb 11 16:10:41 +0000 2025,"Fast approaching its 100dma, $TSLA is now down 30% from its all-time high &amp; not a million miles from where it opened on the 6th November.",TSLA,Tesla
Tue Feb 11 12:56:46 +0000 2025,$TSLA | (TSLA): Oppenheimer reiterates – Musk’s Open AI bid seen as a ; risks from and declining global registrations.,TSLA,Tesla
Tue Feb 11 16:42:04 +0000 2025,$TSLA Tesla I warned of a loss of $400 a few weeks ago. A 45% drawdown is normal for Tesla. Dip buyers might show up around $315-$300. $309 is a major level from 2022. Getting close.,TSLA,Tesla
Wed Feb 12 14:23:54 +0000 2025,"Use advanced techniques to capitalize on current market opportunities and futures from today's Starting Line video! $APTO, $DUO, $UPST, $CFLT, $WINT, $GILD, $CVS, $GNRC, $DASH, $EXC, $OS, $FIS, $KHC, $TDC, $D, $SMWB, $CMCO, $FLNC, $MCY, $GSAT, $TSLA, $SMCI, $AMC, $UPST, $OCEA,",TSLA,Tesla
Wed Feb 12 17:23:46 +0000 2025,When your Cybertruck picks you up from the airport. Tesla smart summon. $TSLA,TSLA,Tesla
Wed Feb 12 17:40:13 +0000 2025,who's long from lows with us ? $SPY $TSLA $AAPL,TSLA,Tesla
Wed Feb 12 15:39:00 +0000 2025,Why Bill Ackman thinks Uber is safe from the Autonomous Vehicle revolution: $UBER $TSLA,TSLA,Tesla
Wed Feb 12 16:18:55 +0000 2025,"Want a look into the minds of a true $TSLA bull? Type $400 (from: ) and put in your favorite finfluencer's handle. Sort by latest then start from the bottom. I'm bullish on $TSLA, but I don't think I can be this bullish.",TSLA,Tesla
Wed Feb 12 15:28:13 +0000 2025,"$TSLA A great perspective here. The all-time triangle, with a mini breakout triangle of it. Laser sharp confirmation on the retest of the all-time triangle took it to 488. From 212. That would measure a retest of C as being the 61% retrace of the breakout. 317 310 area?",TSLA,Tesla
Wed Feb 12 12:09:38 +0000 2025,Paid myself from $META $TSLA $AAPL $NVDA now let’s see what #CPI has for us today,TSLA,Tesla
Wed Feb 12 17:54:56 +0000 2025,People really underestimate the value of Equity… Withdrawal from $TSLA equity always take your profits! $NQ $ES,TSLA,Tesla
Wed Feb 12 15:46:57 +0000 2025,WHAT HAPPENED. $TSLA UP $10 while markets try to recover from CPI headline headache. Maybe Tesla is riding on new PT from Benchmark. Maybe the sellers just got exhausted. Maybe bargain hunters. @garyblack00 has new new Catalysts.,TSLA,Tesla
Wed Feb 12 23:30:09 +0000 2025,"$TSLA - #Tesla +2,44% today after yesterday's sell off. Analyst Stephen Gengaro reduced Tesla's price target from $492 to $474, citing mixed fourth-quarter results and declining public favorability, partly due to CEO Elon Musk's political involvement Elon Musk is leading a",TSLA,Tesla
Wed Feb 12 15:08:30 +0000 2025,Stability control saved them from a potential rollover when a sudden lane change by another driver made their Tesla spin. No emergency swerve was needed - just quick thinking. #Tesla $tsla @TeslaZoa @TeslaCamera #StabilityControl #RolloverPrevention,TSLA,Tesla
Wed Feb 12 20:28:40 +0000 2025,"$TSLA weekly parallel channel from COVID lows with parallel fib levels, bouncing at 0.5 lets see holds and continues upside to re-test top of channel",TSLA,Tesla
Wed Feb 12 22:09:32 +0000 2025,$TSLA break down from the clouds with flow detected on @GHOSTB0ARD - paid well in the community towards the EOD @TENETTRADEGROUP @ripster47,TSLA,Tesla
Wed Feb 12 12:10:29 +0000 2025,$TSLA might be &lt;$300 per share very soon. We love low prices! I wasn’t sure if Tesla would come down from $500. Glad I’m not stuck buying 1/2 a share at a time .,TSLA,Tesla
Wed Feb 12 18:49:31 +0000 2025,$TSLA bad intital entry on calls but rolled out and got paid today. March 385c at 10.20 from 7.35 @kiantrades @ElkanCapital @alextradesss @EvaPandaTPE @Ironheart_Cap @nptradess @jrocks200,TSLA,Tesla
Wed Feb 12 06:47:26 +0000 2025,"$TSLA klanboi's fantasy Tesla's 'airbag systems' so amazingly advanced, you no longer need seatbelts vs Reality Both Tesla occupants ejected from Tesla vehicle One dead Tesla vehicle starts burning of course",TSLA,Tesla
Wed Feb 12 13:40:22 +0000 2025,"$TSLA stock slump has wiped nearly $90B from Elon Musk’s net worth! After peaking at $486B in December, his fortune has dropped below $400B, as $TSLA shares fell 27% from their highs. Meanwhile, China’s BYD is gaining ground with its new “God’s Eye” tech.",TSLA,Tesla
Wed Feb 12 23:30:00 +0000 2025,Value plays coming to you every week from @the_big_quench and @StockSavvyShay on our Market Mastery stream Mondays at 5PM EST $RKLB $PLTR $TMDX $TSLA,TSLA,Tesla
Wed Feb 12 13:07:38 +0000 2025,$TSLA Bouncing from the channel bottom,TSLA,Tesla
Wed Feb 12 02:25:31 +0000 2025,Tuesday highlights from our members $SPY $SPX $AAPL $META $QQQ $NQ $MSFT $NVDA $TSLA,TSLA,Tesla
Wed Feb 12 00:30:29 +0000 2025,Be on the Right Side of the Market and let your money work for you. Blue box set ups gave us 72% return last year. Join us for 14 days Trial and start learning from our Market Experts. Link to register --&gt; #Elliottwave #Stocks $AAPL $TSLA $SPX $SPY,TSLA,Tesla
Wed Feb 12 17:09:36 +0000 2025,"Anyone buy $TSLA below this yesterday? If you can verify with a screenshot you'll get an insta-follow from me A 33% correction from the local high and the 3 mo. RSI at 15 was just too good to pass up. Shout out to everyone selling, I appreciate your generosity",TSLA,Tesla
Wed Feb 12 16:01:04 +0000 2025,$TSLA MONTHLY Not trade advice. Trend lines shown. Updating chart from some time back. Pretty strong reversal so far IMO.,TSLA,Tesla
Wed Feb 12 10:02:58 +0000 2025,"People keep saying that Elon Musk is ruining Tesla stocks Though Tesla $TSLA even with the huge drop… had increase by more than 25,000% since it was listed They wouldn’t say anything about Lucid $LCID for example, though it’s down by over 73% from the day it was listed. Why",TSLA,Tesla
Wed Feb 12 15:19:28 +0000 2025,"Inflation heats up. Does it mean that the stocks that go up today benefit from inflation? $WMT, $JPM, $TSLA, $LLY",TSLA,Tesla
Wed Feb 12 20:58:58 +0000 2025,"Tesla $TSLA CEO Elon Musk reportedly plans to dedicate the next four months to working on DOGE, according to FBN's Charles Gasparino. Musk aims to cut $2 trillion from the budget via DOGE initiatives, which he believes will help bring inflation down to 2%.",TSLA,Tesla
Wed Feb 12 14:46:56 +0000 2025,"$TSLA From Yesterday, Let's see if we reclaim the 340s by the weekly close. 83 views... on the highlighted paragraph. I hope you were one of those. Still not financial advice, it could go as low as $190 But will it???",TSLA,Tesla
Wed Feb 12 20:02:33 +0000 2025,$TSLA I expect 1 of these 2 patterns to play with bias to upside - ATM we're in the $$ from yesterday 333 entry,TSLA,Tesla
Wed Feb 12 09:27:29 +0000 2025,"At this rate, $TSLA is going to give us a great long term buying opportunity, especially for those who missed out on the recent run from $140 to $490. Will you miss out on it again? or will you let it drop, bottom out and start a new uptrend before jumping in?",TSLA,Tesla
Wed Feb 12 14:58:23 +0000 2025,$SPY $SPX Been getting a lot of rare signals from the algo that needed backtesting Luckily todays target hit $TSLA $AAPL $AMZN $MSFT $GOOG $META $JPM $BAC $V $GME $SMCI $NVDA $PYPL $NFLX $DIS $NKE $BA $AMC $AMD $QCOM #Bitcoin $COIN $QQQ #viral #MONEY #millionaire #WIN,TSLA,Tesla
